filename,label
bibimbap (1002).jpg,bibimbap
bibimbap (333).jpg,bibimbap
bibimbap (261).jpg,bibimbap
bibimbap (197).jpg,bibimbap
bibimbap (328).jpg,bibimbap
bibimbap (926).jpg,bibimbap
bibimbap (598).jpg,bibimbap
bibimbap (447).jpg,bibimbap
bibimbap (674).jpg,bibimbap
bibimbap (326).jpg,bibimbap
bibimbap (995).jpg,bibimbap
bibimbap (952).jpg,bibimbap
bibimbap (316).jpg,bibimbap
bibimbap (567).jpg,bibimbap
bibimbap (891).jpg,bibimbap
bibimbap (834).jpg,bibimbap
bibimbap (579).jpg,bibimbap
bibimbap (443).jpg,bibimbap
bibimbap (469).jpg,bibimbap
bibimbap (334).jpg,bibimbap
bibimbap (409).jpg,bibimbap
bibimbap (704).jpg,bibimbap
bibimbap (799).jpg,bibimbap
bibimbap (490).jpg,bibimbap
bibimbap (637).jpg,bibimbap
bibimbap (626).jpg,bibimbap
bibimbap (244).jpg,bibimbap
bibimbap (438).jpg,bibimbap
bibimbap (892).jpg,bibimbap
bibimbap (781).jpg,bibimbap
bibimbap (905).jpg,bibimbap
bibimbap (884).jpg,bibimbap
bibimbap (6).jpg,bibimbap
bibimbap (187).jpg,bibimbap
bibimbap (546).jpg,bibimbap
bibimbap (620).jpg,bibimbap
bibimbap (717).jpg,bibimbap
bibimbap (923).jpg,bibimbap
bibimbap (628).jpg,bibimbap
bibimbap (1013).jpg,bibimbap
bibimbap (270).jpg,bibimbap
bibimbap (713).jpg,bibimbap
bibimbap (790).jpg,bibimbap
bibimbap (1029).jpg,bibimbap
bibimbap (914).jpg,bibimbap
bibimbap (206).jpg,bibimbap
bibimbap (625).jpg,bibimbap
bibimbap (520).jpg,bibimbap
bibimbap (52).jpg,bibimbap
bibimbap (64).jpg,bibimbap
bibimbap (107).jpg,bibimbap
bibimbap (1012).jpg,bibimbap
bibimbap (164).jpg,bibimbap
bibimbap (867).jpg,bibimbap
bibimbap (45).jpg,bibimbap
bibimbap (1024).jpg,bibimbap
bibimbap (976).jpg,bibimbap
bibimbap (957).jpg,bibimbap
bibimbap (730).jpg,bibimbap
bibimbap (185).jpg,bibimbap
bibimbap (1014).jpg,bibimbap
bibimbap (809).jpg,bibimbap
bibimbap (989).jpg,bibimbap
bibimbap (977).jpg,bibimbap
bibimbap (425).jpg,bibimbap
bibimbap (229).jpg,bibimbap
bibimbap (299).jpg,bibimbap
bibimbap (849).jpg,bibimbap
bibimbap (951).jpg,bibimbap
bibimbap (901).jpg,bibimbap
bibimbap (784).jpg,bibimbap
bibimbap (198).jpg,bibimbap
bibimbap (5).jpg,bibimbap
bibimbap (507).jpg,bibimbap
bibimbap (1028).jpg,bibimbap
bibimbap (801).jpg,bibimbap
bibimbap (841).jpg,bibimbap
bibimbap (458).jpg,bibimbap
bibimbap (996).jpg,bibimbap
bibimbap (78).jpg,bibimbap
bibimbap (144).jpg,bibimbap
bibimbap (919).jpg,bibimbap
bibimbap (537).jpg,bibimbap
bibimbap (242).jpg,bibimbap
bibimbap (36).jpg,bibimbap
bibimbap (448).jpg,bibimbap
bibimbap (904).jpg,bibimbap
bibimbap (899).jpg,bibimbap
bibimbap (293).jpg,bibimbap
bibimbap (93).jpg,bibimbap
bibimbap (654).jpg,bibimbap
bibimbap (133).jpg,bibimbap
bibimbap (130).jpg,bibimbap
bibimbap (955).jpg,bibimbap
bibimbap (11).jpg,bibimbap
bibimbap (388).jpg,bibimbap
bibimbap (320).jpg,bibimbap
bibimbap (378).jpg,bibimbap
bibimbap (929).jpg,bibimbap
bibimbap (30).jpg,bibimbap
bibimbap (71).jpg,bibimbap
bibimbap (500).jpg,bibimbap
bibimbap (807).jpg,bibimbap
bibimbap (538).jpg,bibimbap
bibimbap (795).jpg,bibimbap
bibimbap (684).jpg,bibimbap
bibimbap (358).jpg,bibimbap
bibimbap (833).jpg,bibimbap
bibimbap (387).jpg,bibimbap
bibimbap (678).JPG,bibimbap
bibimbap (819).jpg,bibimbap
bibimbap (377).jpg,bibimbap
bibimbap (357).jpg,bibimbap
bibimbap (868).jpg,bibimbap
bibimbap (803).jpg,bibimbap
bibimbap (860).jpg,bibimbap
bibimbap (978).jpg,bibimbap
bibimbap (913).jpg,bibimbap
bibimbap (473).jpg,bibimbap
bibimbap (218).jpg,bibimbap
bibimbap (541).jpg,bibimbap
bibimbap (698).jpg,bibimbap
bibimbap (59).jpg,bibimbap
bibimbap (916).jpg,bibimbap
bibimbap (609).jpg,bibimbap
bibimbap (4).jpg,bibimbap
bibimbap (800).jpg,bibimbap
bibimbap (992).jpg,bibimbap
bibimbap (756).jpg,bibimbap
bibimbap (643).jpg,bibimbap
bibimbap (828).jpg,bibimbap
bibimbap (845).jpg,bibimbap
bibimbap (192).jpg,bibimbap
bibimbap (946).jpg,bibimbap
bibimbap (289).jpg,bibimbap
bibimbap (922).jpg,bibimbap
bibimbap (488).jpg,bibimbap
bibimbap (370).jpg,bibimbap
bibimbap (9).jpg,bibimbap
bibimbap (219).jpg,bibimbap
bibimbap (195).jpg,bibimbap
bibimbap (363).jpg,bibimbap
bibimbap (752).jpg,bibimbap
bibimbap (647).jpg,bibimbap
bibimbap (236).jpg,bibimbap
bibimbap (706).jpg,bibimbap
bibimbap (660).jpg,bibimbap
bibimbap (238).jpg,bibimbap
bibimbap (467).jpg,bibimbap
bibimbap (269).jpg,bibimbap
bibimbap (979).jpg,bibimbap
bibimbap (80).jpg,bibimbap
bibimbap (106).jpg,bibimbap
bibimbap (1025).jpg,bibimbap
bibimbap (744).jpg,bibimbap
bibimbap (315).jpg,bibimbap
bibimbap (702).jpg,bibimbap
bibimbap (347).jpg,bibimbap
bibimbap (167).jpg,bibimbap
bibimbap (405).jpg,bibimbap
bibimbap (758).jpg,bibimbap
bibimbap (40).jpg,bibimbap
bibimbap (42).jpg,bibimbap
bibimbap (141).jpg,bibimbap
bibimbap (659).jpg,bibimbap
bibimbap (418).jpg,bibimbap
bibimbap (70).jpg,bibimbap
bibimbap (981).jpg,bibimbap
bibimbap (196).jpg,bibimbap
bibimbap (381).jpg,bibimbap
bibimbap (509).jpg,bibimbap
bibimbap (254).jpg,bibimbap
bibimbap (930).jpg,bibimbap
bibimbap (112).jpg,bibimbap
bibimbap (568).jpg,bibimbap
bibimbap (889).jpg,bibimbap
bibimbap (1001).jpg,bibimbap
bibimbap (323).jpg,bibimbap
bibimbap (23).jpg,bibimbap
bibimbap (444).jpg,bibimbap
bibimbap (171).jpg,bibimbap
bibimbap (220).jpg,bibimbap
bibimbap (359).jpg,bibimbap
bibimbap (630).jpg,bibimbap
bibimbap (285).jpg,bibimbap
bibimbap (966).jpg,bibimbap
bibimbap (228).jpg,bibimbap
bibimbap (671).jpg,bibimbap
bibimbap (516).jpg,bibimbap
bibimbap (931).jpg,bibimbap
bibimbap (676).jpg,bibimbap
bibimbap (439).jpg,bibimbap
bibimbap (502).jpg,bibimbap
bibimbap (390).jpg,bibimbap
bibimbap (74).jpg,bibimbap
bibimbap (710).jpg,bibimbap
bibimbap (330).jpg,bibimbap
bibimbap (662).jpg,bibimbap
bibimbap (121).jpg,bibimbap
bibimbap (432).jpg,bibimbap
bibimbap (436).jpg,bibimbap
bibimbap (471).jpg,bibimbap
bibimbap (939).jpg,bibimbap
bibimbap (307).jpg,bibimbap
bibimbap (435).jpg,bibimbap
bibimbap (760).jpg,bibimbap
bibimbap (475).jpg,bibimbap
bibimbap (15).jpg,bibimbap
bibimbap (415).jpg,bibimbap
bibimbap (817).jpg,bibimbap
bibimbap (472).jpg,bibimbap
bibimbap (577).jpg,bibimbap
bibimbap (542).jpg,bibimbap
bibimbap (607).jpg,bibimbap
bibimbap (461).jpg,bibimbap
bibimbap (524).jpg,bibimbap
bibimbap (1018).jpg,bibimbap
bibimbap (28).jpg,bibimbap
bibimbap (426).jpg,bibimbap
bibimbap (933).jpg,bibimbap
bibimbap (791).jpg,bibimbap
bibimbap (49).jpg,bibimbap
bibimbap (700).jpg,bibimbap
bibimbap (796).jpg,bibimbap
bibimbap (252).jpg,bibimbap
bibimbap (423).jpg,bibimbap
bibimbap (17).jpg,bibimbap
bibimbap (90).jpg,bibimbap
bibimbap (240).jpg,bibimbap
bibimbap (62).jpg,bibimbap
bibimbap (511).jpg,bibimbap
bibimbap (203).jpg,bibimbap
bibimbap (342).jpg,bibimbap
bibimbap (622).jpg,bibimbap
bibimbap (646).jpg,bibimbap
bibimbap (715).jpg,bibimbap
bibimbap (897).jpg,bibimbap
bibimbap (81).jpg,bibimbap
bibimbap (582).jpg,bibimbap
bibimbap (616).jpg,bibimbap
bibimbap (842).jpg,bibimbap
bibimbap (85).jpg,bibimbap
bibimbap (696).jpg,bibimbap
bibimbap (419).jpg,bibimbap
bibimbap (145).jpg,bibimbap
bibimbap (564).jpg,bibimbap
bibimbap (1022).jpg,bibimbap
bibimbap (936).jpg,bibimbap
bibimbap (251).jpg,bibimbap
bibimbap (987).jpg,bibimbap
bibimbap (83).jpg,bibimbap
bibimbap (422).jpg,bibimbap
bibimbap (8).jpg,bibimbap
bibimbap (599).jpg,bibimbap
bibimbap (33).jpg,bibimbap
bibimbap (322).jpg,bibimbap
bibimbap (232).jpg,bibimbap
bibimbap (454).jpg,bibimbap
bibimbap (221).jpg,bibimbap
bibimbap (968).jpg,bibimbap
bibimbap (99).jpg,bibimbap
bibimbap (498).jpg,bibimbap
bibimbap (606).jpg,bibimbap
bibimbap (707).jpg,bibimbap
bibimbap (1032).jpg,bibimbap
bibimbap (675).jpg,bibimbap
bibimbap (818).jpg,bibimbap
bibimbap (235).jpg,bibimbap
bibimbap (902).jpg,bibimbap
bibimbap (895).jpg,bibimbap
bibimbap (73).jpg,bibimbap
bibimbap (615).jpg,bibimbap
bibimbap (961).jpg,bibimbap
bibimbap (731).jpg,bibimbap
bibimbap (139).jpg,bibimbap
bibimbap (231).jpg,bibimbap
bibimbap (792).jpg,bibimbap
bibimbap (627).jpg,bibimbap
bibimbap (772).jpg,bibimbap
bibimbap (689).jpg,bibimbap
bibimbap (48).jpg,bibimbap
bibimbap (12).jpg,bibimbap
bibimbap (718).jpg,bibimbap
bibimbap (548).jpg,bibimbap
bibimbap (482).jpg,bibimbap
bibimbap (822).jpg,bibimbap
bibimbap (774).jpg,bibimbap
bibimbap (974).jpg,bibimbap
bibimbap (1016).jpg,bibimbap
bibimbap (103).jpg,bibimbap
bibimbap (593).jpg,bibimbap
bibimbap (223).jpg,bibimbap
bibimbap (1021).jpg,bibimbap
bibimbap (580).jpg,bibimbap
bibimbap (742).jpg,bibimbap
bibimbap (666).jpg,bibimbap
bibimbap (526).jpg,bibimbap
bibimbap (179).jpg,bibimbap
bibimbap (984).jpg,bibimbap
bibimbap (882).jpg,bibimbap
bibimbap (786).jpg,bibimbap
bibimbap (355).jpg,bibimbap
bibimbap (821).jpg,bibimbap
bibimbap (271).jpg,bibimbap
bibimbap (823).jpg,bibimbap
bibimbap (608).jpg,bibimbap
bibimbap (371).jpg,bibimbap
bibimbap (656).jpg,bibimbap
bibimbap (518).jpg,bibimbap
bibimbap (863).jpg,bibimbap
bibimbap (275).jpg,bibimbap
bibimbap (885).jpg,bibimbap
bibimbap (747).jpg,bibimbap
bibimbap (584).jpg,bibimbap
bibimbap (401).jpg,bibimbap
bibimbap (613).jpg,bibimbap
bibimbap (685).jpg,bibimbap
bibimbap (527).jpg,bibimbap
bibimbap (101).jpg,bibimbap
bibimbap (566).jpg,bibimbap
bibimbap (349).jpg,bibimbap
bibimbap (508).jpg,bibimbap
bibimbap (278).jpg,bibimbap
bibimbap (138).jpg,bibimbap
bibimbap (497).jpg,bibimbap
bibimbap (217).jpg,bibimbap
bibimbap (948).jpg,bibimbap
bibimbap (1010).jpg,bibimbap
bibimbap (743).jpg,bibimbap
bibimbap (263).jpg,bibimbap
bibimbap (395).jpg,bibimbap
bibimbap (362).jpg,bibimbap
bibimbap (287).jpg,bibimbap
bibimbap (460).jpg,bibimbap
bibimbap (34).jpg,bibimbap
bibimbap (313).jpg,bibimbap
bibimbap (31).jpg,bibimbap
bibimbap (921).jpg,bibimbap
bibimbap (723).jpg,bibimbap
bibimbap (591).jpg,bibimbap
bibimbap (224).jpg,bibimbap
bibimbap (601).jpg,bibimbap
bibimbap (65).jpg,bibimbap
bibimbap (503).jpg,bibimbap
bibimbap (657).jpg,bibimbap
bibimbap (1007).jpg,bibimbap
bibimbap (331).jpg,bibimbap
bibimbap (241).jpg,bibimbap
bibimbap (506).jpg,bibimbap
bibimbap (578).jpg,bibimbap
bibimbap (1026).jpg,bibimbap
bibimbap (812).jpg,bibimbap
bibimbap (947).jpg,bibimbap
bibimbap (311).jpg,bibimbap
bibimbap (789).jpg,bibimbap
bibimbap (668).jpg,bibimbap
bibimbap (450).jpg,bibimbap
bibimbap (900).jpg,bibimbap
bibimbap (918).jpg,bibimbap
bibimbap (132).jpg,bibimbap
bibimbap (382).jpg,bibimbap
bibimbap (445).jpg,bibimbap
bibimbap (534).jpg,bibimbap
bibimbap (592).jpg,bibimbap
bibimbap (631).jpg,bibimbap
bibimbap (1035).jpg,bibimbap
bibimbap (907).jpg,bibimbap
bibimbap (590).jpg,bibimbap
bibimbap (468).jpg,bibimbap
bibimbap (188).jpg,bibimbap
bibimbap (858).jpg,bibimbap
bibimbap (492).jpg,bibimbap
bibimbap (391).jpg,bibimbap
bibimbap (54).jpg,bibimbap
bibimbap (761).jpg,bibimbap
bibimbap (189).jpg,bibimbap
bibimbap (664).jpg,bibimbap
bibimbap (350).jpg,bibimbap
bibimbap (740).jpg,bibimbap
bibimbap (301).jpg,bibimbap
bibimbap (866).jpg,bibimbap
bibimbap (356).jpg,bibimbap
bibimbap (176).jpg,bibimbap
bibimbap (181).jpg,bibimbap
bibimbap (794).jpg,bibimbap
bibimbap (455).jpg,bibimbap
bibimbap (404).jpg,bibimbap
bibimbap (934).jpg,bibimbap
bibimbap (555).jpg,bibimbap
bibimbap (504).jpg,bibimbap
bibimbap (636).jpg,bibimbap
bibimbap (295).jpg,bibimbap
bibimbap (519).jpg,bibimbap
bibimbap (344).jpg,bibimbap
bibimbap (483).jpg,bibimbap
bibimbap (41).jpg,bibimbap
bibimbap (208).jpg,bibimbap
bibimbap (336).jpg,bibimbap
bibimbap (32).jpg,bibimbap
bibimbap (540).jpg,bibimbap
bibimbap (514).jpg,bibimbap
bibimbap (552).jpg,bibimbap
bibimbap (123).jpg,bibimbap
bibimbap (716).jpg,bibimbap
bibimbap (920).jpg,bibimbap
bibimbap (953).jpg,bibimbap
bibimbap (787).jpg,bibimbap
bibimbap (682).jpg,bibimbap
bibimbap (276).jpg,bibimbap
bibimbap (300).jpg,bibimbap
bibimbap (495).jpg,bibimbap
bibimbap (143).jpg,bibimbap
bibimbap (86).jpg,bibimbap
bibimbap (886).jpg,bibimbap
bibimbap (420).jpg,bibimbap
bibimbap (986).jpg,bibimbap
bibimbap (532).jpg,bibimbap
bibimbap (988).jpg,bibimbap
bibimbap (695).jpg,bibimbap
bibimbap (960).jpg,bibimbap
bibimbap (874).jpg,bibimbap
bibimbap (586).jpg,bibimbap
bibimbap (174).jpg,bibimbap
bibimbap (746).jpg,bibimbap
bibimbap (77).jpg,bibimbap
bibimbap (720).jpg,bibimbap
bibimbap (688).jpg,bibimbap
bibimbap (962).jpg,bibimbap
bibimbap (736).jpg,bibimbap
bibimbap (327).jpg,bibimbap
bibimbap (887).jpg,bibimbap
bibimbap (253).jpg,bibimbap
bibimbap (556).jpg,bibimbap
bibimbap (1031).jpg,bibimbap
bibimbap (416).jpg,bibimbap
bibimbap (719).jpg,bibimbap
bibimbap (872).jpg,bibimbap
bibimbap (175).jpg,bibimbap
bibimbap (1019).jpg,bibimbap
bibimbap (1009).jpg,bibimbap
bibimbap (638).jpg,bibimbap
bibimbap (153).jpg,bibimbap
bibimbap (888).jpg,bibimbap
bibimbap (166).jpg,bibimbap
bibimbap (515).jpg,bibimbap
bibimbap (967).jpg,bibimbap
bibimbap (170).jpg,bibimbap
bibimbap (408).jpg,bibimbap
bibimbap (44).jpg,bibimbap
bibimbap (1040).jpg,bibimbap
bibimbap (216).jpg,bibimbap
bibimbap (348).jpg,bibimbap
bibimbap (354).jpg,bibimbap
bibimbap (521).jpg,bibimbap
bibimbap (3).jpg,bibimbap
bibimbap (193).jpg,bibimbap
bibimbap (1037).jpg,bibimbap
bibimbap (366).jpg,bibimbap
bibimbap (14).jpg,bibimbap
bibimbap (400).jpg,bibimbap
bibimbap (985).jpg,bibimbap
bibimbap (478).jpg,bibimbap
bibimbap (428).jpg,bibimbap
bibimbap (574).jpg,bibimbap
bibimbap (298).jpg,bibimbap
bibimbap (617).jpg,bibimbap
bibimbap (373).jpg,bibimbap
bibimbap (645).jpg,bibimbap
bibimbap (266).jpg,bibimbap
bibimbap (932).jpg,bibimbap
bibimbap (21).jpg,bibimbap
bibimbap (364).jpg,bibimbap
bibimbap (341).jpg,bibimbap
bibimbap (935).jpg,bibimbap
bibimbap (424).jpg,bibimbap
bibimbap (97).jpg,bibimbap
bibimbap (159).jpg,bibimbap
bibimbap (88).jpg,bibimbap
bibimbap (201).jpg,bibimbap
bibimbap (810).jpg,bibimbap
bibimbap (446).jpg,bibimbap
bibimbap (314).jpg,bibimbap
bibimbap (249).jpg,bibimbap
bibimbap (200).jpg,bibimbap
bibimbap (629).jpg,bibimbap
bibimbap (881).jpg,bibimbap
bibimbap (142).jpg,bibimbap
bibimbap (838).jpg,bibimbap
bibimbap (407).jpg,bibimbap
bibimbap (767).jpg,bibimbap
bibimbap (547).jpg,bibimbap
bibimbap (561).jpg,bibimbap
bibimbap (79).jpg,bibimbap
bibimbap (942).jpg,bibimbap
bibimbap (150).jpg,bibimbap
bibimbap (768).jpg,bibimbap
bibimbap (603).jpg,bibimbap
bibimbap (587).jpg,bibimbap
bibimbap (383).jpg,bibimbap
bibimbap (248).jpg,bibimbap
bibimbap (91).jpg,bibimbap
bibimbap (820).jpg,bibimbap
bibimbap (677).jpg,bibimbap
bibimbap (844).jpg,bibimbap
bibimbap (296).jpg,bibimbap
bibimbap (20).jpg,bibimbap
bibimbap (477).jpg,bibimbap
bibimbap (394).jpg,bibimbap
bibimbap (119).jpg,bibimbap
bibimbap (453).jpg,bibimbap
bibimbap (545).jpg,bibimbap
bibimbap (751).jpg,bibimbap
bibimbap (753).jpg,bibimbap
bibimbap (624).jpg,bibimbap
bibimbap (911).jpg,bibimbap
bibimbap (398).jpg,bibimbap
bibimbap (243).jpg,bibimbap
bibimbap (10).jpg,bibimbap
bibimbap (535).jpg,bibimbap
bibimbap (602).jpg,bibimbap
bibimbap (297).jpg,bibimbap
bibimbap (686).jpg,bibimbap
bibimbap (851).jpg,bibimbap
bibimbap (543).jpg,bibimbap
bibimbap (533).jpg,bibimbap
bibimbap (464).jpg,bibimbap
bibimbap (650).jpg,bibimbap
bibimbap (380).jpg,bibimbap
bibimbap (462).jpg,bibimbap
bibimbap (722).jpg,bibimbap
bibimbap (776).jpg,bibimbap
bibimbap (634).jpg,bibimbap
bibimbap (825).jpg,bibimbap
bibimbap (906).jpg,bibimbap
bibimbap (618).jpg,bibimbap
bibimbap (1023).jpg,bibimbap
bibimbap (368).jpg,bibimbap
bibimbap (430).jpg,bibimbap
bibimbap (865).jpg,bibimbap
bibimbap (386).jpg,bibimbap
bibimbap (550).jpg,bibimbap
bibimbap (94).jpg,bibimbap
bibimbap (782).jpg,bibimbap
bibimbap (365).jpg,bibimbap
bibimbap (777).jpg,bibimbap
bibimbap (24).jpg,bibimbap
bibimbap (102).jpg,bibimbap
bibimbap (999).jpg,bibimbap
bibimbap (937).jpg,bibimbap
bibimbap (343).jpg,bibimbap
bibimbap (385).jpg,bibimbap
bibimbap (487).jpg,bibimbap
bibimbap (246).jpg,bibimbap
bibimbap (267).jpg,bibimbap
bibimbap (496).jpg,bibimbap
bibimbap (1033).jpg,bibimbap
bibimbap (414).jpg,bibimbap
bibimbap (161).jpg,bibimbap
bibimbap (944).jpg,bibimbap
bibimbap (839).jpg,bibimbap
bibimbap (721).jpg,bibimbap
bibimbap (441).jpg,bibimbap
bibimbap (369).jpg,bibimbap
bibimbap (227).jpg,bibimbap
bibimbap (1020).jpg,bibimbap
bibimbap (442).jpg,bibimbap
bibimbap (225).jpg,bibimbap
bibimbap (924).jpg,bibimbap
bibimbap (703).jpg,bibimbap
bibimbap (687).jpg,bibimbap
bibimbap (701).jpg,bibimbap
bibimbap (733).jpg,bibimbap
bibimbap (157).jpg,bibimbap
bibimbap (712).jpg,bibimbap
bibimbap (612).jpg,bibimbap
bibimbap (392).jpg,bibimbap
bibimbap (917).jpg,bibimbap
bibimbap (925).jpg,bibimbap
bibimbap (346).jpg,bibimbap
bibimbap (1036).jpg,bibimbap
bibimbap (18).jpg,bibimbap
bibimbap (459).jpg,bibimbap
bibimbap (199).jpg,bibimbap
bibimbap (95).jpg,bibimbap
bibimbap (63).jpg,bibimbap
bibimbap (1030).jpg,bibimbap
bibimbap (565).jpg,bibimbap
bibimbap (2).jpg,bibimbap
bibimbap (940).jpg,bibimbap
bibimbap (958).jpg,bibimbap
bibimbap (642).jpg,bibimbap
bibimbap (875).jpg,bibimbap
bibimbap (456).jpg,bibimbap
bibimbap (570).jpg,bibimbap
bibimbap (47).jpg,bibimbap
bibimbap (814).jpg,bibimbap
bibimbap (303).jpg,bibimbap
bibimbap (182).jpg,bibimbap
bibimbap (37).jpg,bibimbap
bibimbap (830).jpg,bibimbap
bibimbap (1039).jpg,bibimbap
bibimbap (317).jpg,bibimbap
bibimbap (690).jpg,bibimbap
bibimbap (965).jpg,bibimbap
bibimbap (109).jpg,bibimbap
bibimbap (847).jpg,bibimbap
bibimbap (98).jpg,bibimbap
bibimbap (528).jpg,bibimbap
bibimbap (96).jpg,bibimbap
bibimbap (25).jpg,bibimbap
bibimbap (379).jpg,bibimbap
bibimbap (256).jpg,bibimbap
bibimbap (321).jpg,bibimbap
bibimbap (312).jpg,bibimbap
bibimbap (970).jpg,bibimbap
bibimbap (846).jpg,bibimbap
bibimbap (160).jpg,bibimbap
bibimbap (169).jpg,bibimbap
bibimbap (959).jpg,bibimbap
bibimbap (186).jpg,bibimbap
bibimbap (158).jpg,bibimbap
bibimbap (338).jpg,bibimbap
bibimbap (764).jpg,bibimbap
bibimbap (1005).jpg,bibimbap
bibimbap (848).jpg,bibimbap
bibimbap (340).jpg,bibimbap
bibimbap (563).jpg,bibimbap
bibimbap (773).jpg,bibimbap
bibimbap (673).jpg,bibimbap
bibimbap (324).jpg,bibimbap
bibimbap (402).jpg,bibimbap
bibimbap (910).jpg,bibimbap
bibimbap (669).jpg,bibimbap
bibimbap (384).jpg,bibimbap
bibimbap (745).jpg,bibimbap
bibimbap (649).jpg,bibimbap
bibimbap (529).jpg,bibimbap
bibimbap (7).jpg,bibimbap
bibimbap (558).jpg,bibimbap
bibimbap (13).jpg,bibimbap
bibimbap (154).jpg,bibimbap
bibimbap (581).jpg,bibimbap
bibimbap (635).jpg,bibimbap
bibimbap (880).jpg,bibimbap
bibimbap (1006).jpg,bibimbap
bibimbap (129).jpg,bibimbap
bibimbap (837).jpg,bibimbap
bibimbap (484).jpg,bibimbap
bibimbap (339).jpg,bibimbap
bibimbap (183).jpg,bibimbap
bibimbap (883).jpg,bibimbap
bibimbap (693).jpg,bibimbap
bibimbap (282).jpg,bibimbap
bibimbap (876).jpg,bibimbap
bibimbap (993).jpg,bibimbap
bibimbap (302).jpg,bibimbap
bibimbap (894).jpg,bibimbap
bibimbap (544).jpg,bibimbap
bibimbap (583).jpg,bibimbap
bibimbap (87).jpg,bibimbap
bibimbap (449).jpg,bibimbap
bibimbap (137).jpg,bibimbap
bibimbap (633).jpg,bibimbap
bibimbap (1034).jpg,bibimbap
bibimbap (61).jpg,bibimbap
bibimbap (596).jpg,bibimbap
bibimbap (877).jpg,bibimbap
bibimbap (588).jpg,bibimbap
bibimbap (172).jpg,bibimbap
bibimbap (434).jpg,bibimbap
bibimbap (279).jpg,bibimbap
bibimbap (755).jpg,bibimbap
bibimbap (610).jpg,bibimbap
bibimbap (797).jpg,bibimbap
bibimbap (233).jpg,bibimbap
bibimbap (136).jpg,bibimbap
bibimbap (530).jpg,bibimbap
bibimbap (679).jpg,bibimbap
bibimbap (832).jpg,bibimbap
bibimbap (811).jpg,bibimbap
bibimbap (525).jpg,bibimbap
bibimbap (501).jpg,bibimbap
bibimbap (871).jpg,bibimbap
bibimbap (708).jpg,bibimbap
bibimbap (114).jpg,bibimbap
bibimbap (351).jpg,bibimbap
bibimbap (829).jpg,bibimbap
bibimbap (562).jpg,bibimbap
bibimbap (597).jpg,bibimbap
bibimbap (802).jpg,bibimbap
bibimbap (262).jpg,bibimbap
bibimbap (335).jpg,bibimbap
bibimbap (779).jpg,bibimbap
bibimbap (204).jpg,bibimbap
bibimbap (510).jpg,bibimbap
bibimbap (938).jpg,bibimbap
bibimbap (575).jpg,bibimbap
bibimbap (732).jpg,bibimbap
bibimbap (325).jpg,bibimbap
bibimbap (481).jpg,bibimbap
bibimbap (788).jpg,bibimbap
bibimbap (421).jpg,bibimbap
bibimbap (100).jpg,bibimbap
bibimbap (908).jpg,bibimbap
bibimbap (213).jpg,bibimbap
bibimbap (757).jpg,bibimbap
bibimbap (893).jpg,bibimbap
bibimbap (259).jpg,bibimbap
bibimbap (505).jpg,bibimbap
bibimbap (748).jpg,bibimbap
bibimbap (739).jpg,bibimbap
bibimbap (215).jpg,bibimbap
bibimbap (280).jpg,bibimbap
bibimbap (148).jpg,bibimbap
bibimbap (1011).jpg,bibimbap
bibimbap (560).jpg,bibimbap
bibimbap (663).jpg,bibimbap
bibimbap (998).jpg,bibimbap
bibimbap (726).jpg,bibimbap
bibimbap (997).jpg,bibimbap
bibimbap (470).jpg,bibimbap
bibimbap (131).jpg,bibimbap
bibimbap (292).jpg,bibimbap
bibimbap (909).jpg,bibimbap
bibimbap (75).jpg,bibimbap
bibimbap (230).jpg,bibimbap
bibimbap (854).jpg,bibimbap
bibimbap (191).jpg,bibimbap
chicken-curry (590).jpg,chicken-curry
chicken-curry (914).jpg,chicken-curry
chicken-curry (336).jpg,chicken-curry
chicken-curry (311).jpg,chicken-curry
chicken-curry (309).jpg,chicken-curry
chicken-curry (787).jpg,chicken-curry
chicken-curry (543).jpg,chicken-curry
chicken-curry (1004).jpg,chicken-curry
chicken-curry (830).jpg,chicken-curry
chicken-curry (234).jpg,chicken-curry
chicken-curry (676).jpg,chicken-curry
chicken-curry (292).jpg,chicken-curry
chicken-curry (581).jpg,chicken-curry
chicken-curry (409).jpg,chicken-curry
chicken-curry (587).jpg,chicken-curry
chicken-curry (804).jpg,chicken-curry
chicken-curry (430).jpg,chicken-curry
chicken-curry (974).jpg,chicken-curry
chicken-curry (230).jpg,chicken-curry
chicken-curry (209).jpg,chicken-curry
chicken-curry (246).jpg,chicken-curry
chicken-curry (518).jpg,chicken-curry
chicken-curry (94).jpg,chicken-curry
chicken-curry (632).jpg,chicken-curry
chicken-curry (339).jpg,chicken-curry
chicken-curry (758).jpg,chicken-curry
chicken-curry (388).jpg,chicken-curry
chicken-curry (836).jpg,chicken-curry
chicken-curry (310).jpg,chicken-curry
chicken-curry (410).jpg,chicken-curry
chicken-curry (809).jpg,chicken-curry
chicken-curry (290).jpg,chicken-curry
chicken-curry (96).jpg,chicken-curry
chicken-curry (898).jpg,chicken-curry
chicken-curry (285).jpg,chicken-curry
chicken-curry (155).jpg,chicken-curry
chicken-curry (807).jpg,chicken-curry
chicken-curry (301).jpg,chicken-curry
chicken-curry (981).jpg,chicken-curry
chicken-curry (186).jpg,chicken-curry
chicken-curry (987).jpg,chicken-curry
chicken-curry (743).jpg,chicken-curry
chicken-curry (437).jpg,chicken-curry
chicken-curry (715).jpg,chicken-curry
chicken-curry (751).jpg,chicken-curry
chicken-curry (861).jpg,chicken-curry
chicken-curry (30).jpg,chicken-curry
chicken-curry (875).jpg,chicken-curry
chicken-curry (496).jpg,chicken-curry
chicken-curry (102).jpg,chicken-curry
chicken-curry (969).jpg,chicken-curry
chicken-curry (6).jpg,chicken-curry
chicken-curry (356).jpg,chicken-curry
chicken-curry (79).jpg,chicken-curry
chicken-curry (362).jpg,chicken-curry
chicken-curry (978).jpg,chicken-curry
chicken-curry (617).jpg,chicken-curry
chicken-curry (993).jpg,chicken-curry
chicken-curry (470).jpg,chicken-curry
chicken-curry (227).jpg,chicken-curry
chicken-curry (1002).jpg,chicken-curry
chicken-curry (577).jpg,chicken-curry
chicken-curry (552).jpg,chicken-curry
chicken-curry (394).jpg,chicken-curry
chicken-curry (938).jpg,chicken-curry
chicken-curry (902).jpg,chicken-curry
chicken-curry (835).jpg,chicken-curry
chicken-curry (267).jpg,chicken-curry
chicken-curry (242).jpg,chicken-curry
chicken-curry (534).jpg,chicken-curry
chicken-curry (464).jpg,chicken-curry
chicken-curry (457).jpg,chicken-curry
chicken-curry (862).jpg,chicken-curry
chicken-curry (504).jpg,chicken-curry
chicken-curry (540).jpg,chicken-curry
chicken-curry (119).jpg,chicken-curry
chicken-curry (433).jpg,chicken-curry
chicken-curry (74).jpg,chicken-curry
chicken-curry (671).jpg,chicken-curry
chicken-curry (813).jpg,chicken-curry
chicken-curry (824).jpg,chicken-curry
chicken-curry (92).jpg,chicken-curry
chicken-curry (475).jpg,chicken-curry
chicken-curry (810).jpg,chicken-curry
chicken-curry (171).jpg,chicken-curry
chicken-curry (217).jpg,chicken-curry
chicken-curry (493).jpg,chicken-curry
chicken-curry (243).jpg,chicken-curry
chicken-curry (567).jpg,chicken-curry
chicken-curry (702).jpg,chicken-curry
chicken-curry (420).jpg,chicken-curry
chicken-curry (872).jpg,chicken-curry
chicken-curry (1022).jpg,chicken-curry
chicken-curry (448).jpg,chicken-curry
chicken-curry (609).jpg,chicken-curry
chicken-curry (662).jpg,chicken-curry
chicken-curry (1).jpg,chicken-curry
chicken-curry (351).jpg,chicken-curry
chicken-curry (241).jpg,chicken-curry
chicken-curry (424).jpg,chicken-curry
chicken-curry (618).jpg,chicken-curry
chicken-curry (870).jpg,chicken-curry
chicken-curry (300).jpg,chicken-curry
chicken-curry (20).jpg,chicken-curry
chicken-curry (88).jpg,chicken-curry
chicken-curry (348).jpg,chicken-curry
chicken-curry (435).jpg,chicken-curry
chicken-curry (1013).jpg,chicken-curry
chicken-curry (1014).jpg,chicken-curry
chicken-curry (550).jpg,chicken-curry
chicken-curry (390).jpg,chicken-curry
chicken-curry (137).jpg,chicken-curry
chicken-curry (144).jpg,chicken-curry
chicken-curry (568).jpg,chicken-curry
chicken-curry (1009).jpg,chicken-curry
chicken-curry (759).jpg,chicken-curry
chicken-curry (421).jpg,chicken-curry
chicken-curry (945).jpg,chicken-curry
chicken-curry (172).jpg,chicken-curry
chicken-curry (408).jpg,chicken-curry
chicken-curry (635).jpg,chicken-curry
chicken-curry (1025).jpg,chicken-curry
chicken-curry (940).jpg,chicken-curry
chicken-curry (84).jpg,chicken-curry
chicken-curry (737).jpg,chicken-curry
chicken-curry (177).jpg,chicken-curry
chicken-curry (985).jpg,chicken-curry
chicken-curry (1003).jpg,chicken-curry
chicken-curry (383).jpg,chicken-curry
chicken-curry (226).jpg,chicken-curry
chicken-curry (642).jpg,chicken-curry
chicken-curry (252).jpg,chicken-curry
chicken-curry (585).jpg,chicken-curry
chicken-curry (331).jpg,chicken-curry
chicken-curry (863).jpg,chicken-curry
chicken-curry (51).jpg,chicken-curry
chicken-curry (124).jpg,chicken-curry
chicken-curry (198).jpg,chicken-curry
chicken-curry (741).jpg,chicken-curry
chicken-curry (537).jpg,chicken-curry
chicken-curry (312).jpg,chicken-curry
chicken-curry (181).jpg,chicken-curry
chicken-curry (344).jpg,chicken-curry
chicken-curry (19).jpg,chicken-curry
chicken-curry (538).jpg,chicken-curry
chicken-curry (173).jpg,chicken-curry
chicken-curry (541).jpg,chicken-curry
chicken-curry (791).jpg,chicken-curry
chicken-curry (909).jpg,chicken-curry
chicken-curry (732).jpg,chicken-curry
chicken-curry (257).jpg,chicken-curry
chicken-curry (159).jpg,chicken-curry
chicken-curry (745).jpg,chicken-curry
chicken-curry (619).jpg,chicken-curry
chicken-curry (548).jpg,chicken-curry
chicken-curry (553).jpg,chicken-curry
chicken-curry (657).jpg,chicken-curry
chicken-curry (845).jpg,chicken-curry
chicken-curry (325).jpg,chicken-curry
chicken-curry (147).jpg,chicken-curry
chicken-curry (24).jpg,chicken-curry
chicken-curry (358).jpg,chicken-curry
chicken-curry (682).jpg,chicken-curry
chicken-curry (753).jpg,chicken-curry
chicken-curry (697).jpg,chicken-curry
chicken-curry (115).jpg,chicken-curry
chicken-curry (735).jpg,chicken-curry
chicken-curry (289).jpg,chicken-curry
chicken-curry (580).jpg,chicken-curry
chicken-curry (431).jpg,chicken-curry
chicken-curry (116).jpg,chicken-curry
chicken-curry (961).jpg,chicken-curry
chicken-curry (157).jpg,chicken-curry
chicken-curry (1008).jpg,chicken-curry
chicken-curry (942).jpg,chicken-curry
chicken-curry (1036).jpg,chicken-curry
chicken-curry (465).jpg,chicken-curry
chicken-curry (221).jpg,chicken-curry
chicken-curry (941).jpg,chicken-curry
chicken-curry (852).jpg,chicken-curry
chicken-curry (442).jpg,chicken-curry
chicken-curry (565).jpg,chicken-curry
chicken-curry (268).jpg,chicken-curry
chicken-curry (502).jpg,chicken-curry
chicken-curry (920).jpg,chicken-curry
chicken-curry (848).jpg,chicken-curry
chicken-curry (346).jpg,chicken-curry
chicken-curry (69).jpg,chicken-curry
chicken-curry (256).jpg,chicken-curry
chicken-curry (653).jpg,chicken-curry
chicken-curry (878).jpg,chicken-curry
chicken-curry (454).jpg,chicken-curry
chicken-curry (589).jpg,chicken-curry
chicken-curry (328).jpg,chicken-curry
chicken-curry (324).jpg,chicken-curry
chicken-curry (825).jpg,chicken-curry
chicken-curry (798).jpg,chicken-curry
chicken-curry (106).jpg,chicken-curry
chicken-curry (378).jpg,chicken-curry
chicken-curry (384).jpg,chicken-curry
chicken-curry (385).jpg,chicken-curry
chicken-curry (379).jpg,chicken-curry
chicken-curry (461).jpg,chicken-curry
chicken-curry (665).jpg,chicken-curry
chicken-curry (248).jpg,chicken-curry
chicken-curry (1001).jpg,chicken-curry
chicken-curry (484).jpg,chicken-curry
chicken-curry (419).jpg,chicken-curry
chicken-curry (422).jpg,chicken-curry
chicken-curry (73).jpg,chicken-curry
chicken-curry (343).jpg,chicken-curry
chicken-curry (55).jpg,chicken-curry
chicken-curry (680).jpg,chicken-curry
chicken-curry (31).jpg,chicken-curry
chicken-curry (948).jpg,chicken-curry
chicken-curry (549).jpg,chicken-curry
chicken-curry (36).jpg,chicken-curry
chicken-curry (895).jpg,chicken-curry
chicken-curry (1027).jpg,chicken-curry
chicken-curry (953).jpg,chicken-curry
chicken-curry (138).jpg,chicken-curry
chicken-curry (372).jpg,chicken-curry
chicken-curry (629).jpg,chicken-curry
chicken-curry (586).jpg,chicken-curry
chicken-curry (829).jpg,chicken-curry
chicken-curry (70).jpg,chicken-curry
chicken-curry (50).jpg,chicken-curry
chicken-curry (477).jpg,chicken-curry
chicken-curry (884).jpg,chicken-curry
chicken-curry (294).jpg,chicken-curry
chicken-curry (808).jpg,chicken-curry
chicken-curry (611).jpg,chicken-curry
chicken-curry (598).jpg,chicken-curry
chicken-curry (417).jpg,chicken-curry
chicken-curry (458).jpg,chicken-curry
chicken-curry (411).jpg,chicken-curry
chicken-curry (273).jpg,chicken-curry
chicken-curry (402).jpg,chicken-curry
chicken-curry (214).jpg,chicken-curry
chicken-curry (792).jpg,chicken-curry
chicken-curry (805).jpg,chicken-curry
chicken-curry (139).jpg,chicken-curry
chicken-curry (545).jpg,chicken-curry
chicken-curry (377).jpg,chicken-curry
chicken-curry (423).jpg,chicken-curry
chicken-curry (717).jpg,chicken-curry
chicken-curry (779).jpg,chicken-curry
chicken-curry (314).jpg,chicken-curry
chicken-curry (259).jpg,chicken-curry
chicken-curry (381).jpg,chicken-curry
chicken-curry (668).jpg,chicken-curry
chicken-curry (478).jpg,chicken-curry
chicken-curry (970).jpg,chicken-curry
chicken-curry (773).jpg,chicken-curry
chicken-curry (82).jpg,chicken-curry
chicken-curry (105).jpg,chicken-curry
chicken-curry (801).jpg,chicken-curry
chicken-curry (720).jpg,chicken-curry
chicken-curry (216).jpg,chicken-curry
chicken-curry (555).jpg,chicken-curry
chicken-curry (678).jpg,chicken-curry
chicken-curry (250).jpg,chicken-curry
chicken-curry (240).jpg,chicken-curry
chicken-curry (738).jpg,chicken-curry
chicken-curry (233).jpg,chicken-curry
chicken-curry (995).jpg,chicken-curry
chicken-curry (135).jpg,chicken-curry
chicken-curry (302).jpg,chicken-curry
chicken-curry (999).jpg,chicken-curry
chicken-curry (730).jpg,chicken-curry
chicken-curry (780).jpg,chicken-curry
chicken-curry (1016).jpg,chicken-curry
chicken-curry (353).jpg,chicken-curry
chicken-curry (977).jpg,chicken-curry
chicken-curry (856).jpg,chicken-curry
chicken-curry (22).jpg,chicken-curry
chicken-curry (391).jpg,chicken-curry
chicken-curry (515).jpg,chicken-curry
chicken-curry (578).jpg,chicken-curry
chicken-curry (447).jpg,chicken-curry
chicken-curry (49).jpg,chicken-curry
chicken-curry (599).jpg,chicken-curry
chicken-curry (21).jpg,chicken-curry
chicken-curry (149).jpg,chicken-curry
chicken-curry (931).jpg,chicken-curry
chicken-curry (673).jpg,chicken-curry
chicken-curry (608).jpg,chicken-curry
chicken-curry (33).jpg,chicken-curry
chicken-curry (239).jpg,chicken-curry
chicken-curry (796).jpg,chicken-curry
chicken-curry (883).jpg,chicken-curry
chicken-curry (45).jpg,chicken-curry
chicken-curry (777).jpg,chicken-curry
chicken-curry (572).jpg,chicken-curry
chicken-curry (80).jpg,chicken-curry
chicken-curry (1015).jpg,chicken-curry
chicken-curry (694).jpg,chicken-curry
chicken-curry (275).jpg,chicken-curry
chicken-curry (371).jpg,chicken-curry
chicken-curry (867).jpg,chicken-curry
chicken-curry (296).jpg,chicken-curry
chicken-curry (224).jpg,chicken-curry
chicken-curry (726).jpg,chicken-curry
chicken-curry (7).jpg,chicken-curry
chicken-curry (723).jpg,chicken-curry
chicken-curry (853).jpg,chicken-curry
chicken-curry (446).jpg,chicken-curry
chicken-curry (655).jpg,chicken-curry
chicken-curry (939).jpg,chicken-curry
chicken-curry (265).jpg,chicken-curry
chicken-curry (696).jpg,chicken-curry
chicken-curry (765).jpg,chicken-curry
chicken-curry (210).jpg,chicken-curry
chicken-curry (626).jpg,chicken-curry
chicken-curry (269).jpg,chicken-curry
chicken-curry (329).jpg,chicken-curry
chicken-curry (321).jpg,chicken-curry
chicken-curry (776).jpg,chicken-curry
chicken-curry (29).jpg,chicken-curry
chicken-curry (979).jpg,chicken-curry
chicken-curry (968).jpg,chicken-curry
chicken-curry (132).jpg,chicken-curry
chicken-curry (672).jpg,chicken-curry
chicken-curry (141).jpg,chicken-curry
chicken-curry (990).jpg,chicken-curry
chicken-curry (180).jpg,chicken-curry
chicken-curry (129).jpg,chicken-curry
chicken-curry (946).jpg,chicken-curry
chicken-curry (927).jpg,chicken-curry
chicken-curry (911).jpg,chicken-curry
chicken-curry (772).jpg,chicken-curry
chicken-curry (596).jpg,chicken-curry
chicken-curry (656).jpg,chicken-curry
chicken-curry (532).jpg,chicken-curry
chicken-curry (916).jpg,chicken-curry
chicken-curry (896).jpg,chicken-curry
chicken-curry (588).jpg,chicken-curry
chicken-curry (544).jpg,chicken-curry
chicken-curry (398).jpg,chicken-curry
chicken-curry (14).jpg,chicken-curry
chicken-curry (802).jpg,chicken-curry
chicken-curry (164).jpg,chicken-curry
chicken-curry (900).jpg,chicken-curry
chicken-curry (965).jpg,chicken-curry
chicken-curry (788).jpg,chicken-curry
chicken-curry (719).jpg,chicken-curry
chicken-curry (681).jpg,chicken-curry
chicken-curry (48).jpg,chicken-curry
chicken-curry (855).jpg,chicken-curry
chicken-curry (38).jpg,chicken-curry
chicken-curry (944).jpg,chicken-curry
chicken-curry (110).jpg,chicken-curry
chicken-curry (40).jpg,chicken-curry
chicken-curry (1039).jpg,chicken-curry
chicken-curry (229).jpg,chicken-curry
chicken-curry (820).jpg,chicken-curry
chicken-curry (714).jpg,chicken-curry
chicken-curry (574).jpg,chicken-curry
chicken-curry (539).jpg,chicken-curry
chicken-curry (756).jpg,chicken-curry
chicken-curry (1007).jpg,chicken-curry
chicken-curry (817).jpg,chicken-curry
chicken-curry (907).jpg,chicken-curry
chicken-curry (858).jpg,chicken-curry
chicken-curry (254).jpg,chicken-curry
chicken-curry (357).jpg,chicken-curry
chicken-curry (39).jpg,chicken-curry
chicken-curry (249).jpg,chicken-curry
chicken-curry (510).jpg,chicken-curry
chicken-curry (881).jpg,chicken-curry
chicken-curry (527).jpg,chicken-curry
chicken-curry (206).jpg,chicken-curry
chicken-curry (1033).jpg,chicken-curry
chicken-curry (733).jpg,chicken-curry
chicken-curry (77).jpg,chicken-curry
chicken-curry (263).jpg,chicken-curry
chicken-curry (622).jpg,chicken-curry
chicken-curry (754).jpg,chicken-curry
chicken-curry (818).jpg,chicken-curry
chicken-curry (225).jpg,chicken-curry
chicken-curry (370).jpg,chicken-curry
chicken-curry (921).jpg,chicken-curry
chicken-curry (604).jpg,chicken-curry
chicken-curry (685).jpg,chicken-curry
chicken-curry (9).jpg,chicken-curry
chicken-curry (307).jpg,chicken-curry
chicken-curry (628).jpg,chicken-curry
chicken-curry (121).jpg,chicken-curry
chicken-curry (142).jpg,chicken-curry
chicken-curry (854).jpg,chicken-curry
chicken-curry (473).jpg,chicken-curry
chicken-curry (291).jpg,chicken-curry
chicken-curry (425).jpg,chicken-curry
chicken-curry (533).jpg,chicken-curry
chicken-curry (212).jpg,chicken-curry
chicken-curry (607).jpg,chicken-curry
chicken-curry (18).jpg,chicken-curry
chicken-curry (782).jpg,chicken-curry
chicken-curry (616).jpg,chicken-curry
chicken-curry (505).jpg,chicken-curry
chicken-curry (16).jpg,chicken-curry
chicken-curry (200).jpg,chicken-curry
chicken-curry (156).jpg,chicken-curry
chicken-curry (579).jpg,chicken-curry
chicken-curry (1023).jpg,chicken-curry
chicken-curry (760).jpg,chicken-curry
chicken-curry (244).jpg,chicken-curry
chicken-curry (613).jpg,chicken-curry
chicken-curry (1019).jpg,chicken-curry
chicken-curry (924).jpg,chicken-curry
chicken-curry (736).jpg,chicken-curry
chicken-curry (304).jpg,chicken-curry
chicken-curry (62).jpg,chicken-curry
chicken-curry (335).jpg,chicken-curry
chicken-curry (436).jpg,chicken-curry
chicken-curry (966).jpg,chicken-curry
chicken-curry (193).jpg,chicken-curry
chicken-curry (112).jpg,chicken-curry
chicken-curry (556).jpg,chicken-curry
chicken-curry (220).jpg,chicken-curry
chicken-curry (814).jpg,chicken-curry
chicken-curry (299).jpg,chicken-curry
chicken-curry (546).jpg,chicken-curry
chicken-curry (879).jpg,chicken-curry
chicken-curry (752).jpg,chicken-curry
chicken-curry (908).jpg,chicken-curry
chicken-curry (747).jpg,chicken-curry
chicken-curry (341).jpg,chicken-curry
chicken-curry (286).jpg,chicken-curry
chicken-curry (523).jpg,chicken-curry
chicken-curry (367).jpg,chicken-curry
chicken-curry (582).jpg,chicken-curry
chicken-curry (769).jpg,chicken-curry
chicken-curry (1035).jpg,chicken-curry
chicken-curry (501).jpg,chicken-curry
chicken-curry (857).jpg,chicken-curry
chicken-curry (718).jpg,chicken-curry
chicken-curry (876).jpg,chicken-curry
chicken-curry (467).jpg,chicken-curry
chicken-curry (133).jpg,chicken-curry
chicken-curry (601).jpg,chicken-curry
chicken-curry (1037).jpg,chicken-curry
chicken-curry (890).jpg,chicken-curry
chicken-curry (323).jpg,chicken-curry
chicken-curry (652).jpg,chicken-curry
chicken-curry (211).jpg,chicken-curry
chicken-curry (395).jpg,chicken-curry
chicken-curry (205).jpg,chicken-curry
chicken-curry (232).jpg,chicken-curry
chicken-curry (784).jpg,chicken-curry
chicken-curry (786).jpg,chicken-curry
chicken-curry (811).jpg,chicken-curry
chicken-curry (99).jpg,chicken-curry
chicken-curry (962).jpg,chicken-curry
chicken-curry (615).jpg,chicken-curry
chicken-curry (595).jpg,chicken-curry
chicken-curry (406).jpg,chicken-curry
chicken-curry (664).jpg,chicken-curry
chicken-curry (997).jpg,chicken-curry
chicken-curry (823).jpg,chicken-curry
chicken-curry (996).jpg,chicken-curry
chicken-curry (127).jpg,chicken-curry
chicken-curry (103).jpg,chicken-curry
chicken-curry (708).jpg,chicken-curry
chicken-curry (675).jpg,chicken-curry
chicken-curry (892).jpg,chicken-curry
chicken-curry (128).jpg,chicken-curry
chicken-curry (463).jpg,chicken-curry
chicken-curry (492).jpg,chicken-curry
chicken-curry (1000).jpg,chicken-curry
chicken-curry (517).jpg,chicken-curry
chicken-curry (218).jpg,chicken-curry
chicken-curry (487).jpg,chicken-curry
chicken-curry (522).jpg,chicken-curry
chicken-curry (512).jpg,chicken-curry
chicken-curry (386).jpg,chicken-curry
chicken-curry (904).jpg,chicken-curry
chicken-curry (689).jpg,chicken-curry
chicken-curry (767).jpg,chicken-curry
chicken-curry (185).jpg,chicken-curry
chicken-curry (382).jpg,chicken-curry
chicken-curry (806).jpg,chicken-curry
chicken-curry (923).jpg,chicken-curry
chicken-curry (930).jpg,chicken-curry
chicken-curry (659).jpg,chicken-curry
chicken-curry (101).jpg,chicken-curry
chicken-curry (319).jpg,chicken-curry
chicken-curry (951).jpg,chicken-curry
chicken-curry (373).jpg,chicken-curry
chicken-curry (345).jpg,chicken-curry
chicken-curry (937).jpg,chicken-curry
chicken-curry (839).jpg,chicken-curry
chicken-curry (869).jpg,chicken-curry
chicken-curry (320).jpg,chicken-curry
chicken-curry (72).jpg,chicken-curry
chicken-curry (26).jpg,chicken-curry
chicken-curry (972).jpg,chicken-curry
chicken-curry (166).jpg,chicken-curry
chicken-curry (734).jpg,chicken-curry
chicken-curry (190).jpg,chicken-curry
chicken-curry (877).jpg,chicken-curry
chicken-curry (114).jpg,chicken-curry
chicken-curry (231).jpg,chicken-curry
chicken-curry (318).jpg,chicken-curry
chicken-curry (451).jpg,chicken-curry
chicken-curry (709).jpg,chicken-curry
chicken-curry (963).jpg,chicken-curry
chicken-curry (529).jpg,chicken-curry
chicken-curry (165).jpg,chicken-curry
chicken-curry (78).jpg,chicken-curry
chicken-curry (610).jpg,chicken-curry
chicken-curry (647).jpg,chicken-curry
chicken-curry (725).jpg,chicken-curry
chicken-curry (158).jpg,chicken-curry
chicken-curry (891).jpg,chicken-curry
chicken-curry (35).jpg,chicken-curry
chicken-curry (768).jpg,chicken-curry
chicken-curry (954).jpg,chicken-curry
chicken-curry (452).jpg,chicken-curry
chicken-curry (389).jpg,chicken-curry
chicken-curry (865).jpg,chicken-curry
chicken-curry (627).jpg,chicken-curry
chicken-curry (366).jpg,chicken-curry
chicken-curry (117).jpg,chicken-curry
chicken-curry (849).jpg,chicken-curry
chicken-curry (405).jpg,chicken-curry
chicken-curry (150).jpg,chicken-curry
chicken-curry (460).jpg,chicken-curry
chicken-curry (932).jpg,chicken-curry
chicken-curry (140).jpg,chicken-curry
chicken-curry (625).jpg,chicken-curry
chicken-curry (123).jpg,chicken-curry
chicken-curry (5).jpg,chicken-curry
chicken-curry (202).jpg,chicken-curry
chicken-curry (794).jpg,chicken-curry
chicken-curry (771).jpg,chicken-curry
chicken-curry (591).jpg,chicken-curry
chicken-curry (456).jpg,chicken-curry
chicken-curry (350).jpg,chicken-curry
chicken-curry (15).jpg,chicken-curry
chicken-curry (71).jpg,chicken-curry
chicken-curry (43).jpg,chicken-curry
chicken-curry (605).jpg,chicken-curry
chicken-curry (375).jpg,chicken-curry
chicken-curry (964).jpg,chicken-curry
chicken-curry (272).jpg,chicken-curry
chicken-curry (739).jpg,chicken-curry
chicken-curry (882).jpg,chicken-curry
chicken-curry (260).jpg,chicken-curry
chicken-curry (698).jpg,chicken-curry
chicken-curry (840).jpg,chicken-curry
chicken-curry (459).jpg,chicken-curry
chicken-curry (528).jpg,chicken-curry
chicken-curry (959).jpg,chicken-curry
chicken-curry (333).jpg,chicken-curry
chicken-curry (704).jpg,chicken-curry
chicken-curry (68).jpg,chicken-curry
chicken-curry (799).jpg,chicken-curry
chicken-curry (740).jpg,chicken-curry
chicken-curry (593).jpg,chicken-curry
chicken-curry (122).jpg,chicken-curry
chicken-curry (61).jpg,chicken-curry
chicken-curry (947).jpg,chicken-curry
chicken-curry (828).jpg,chicken-curry
chicken-curry (764).jpg,chicken-curry
chicken-curry (638).jpg,chicken-curry
chicken-curry (514).jpg,chicken-curry
chicken-curry (770).jpg,chicken-curry
chicken-curry (455).jpg,chicken-curry
chicken-curry (432).jpg,chicken-curry
chicken-curry (503).jpg,chicken-curry
chicken-curry (630).jpg,chicken-curry
chicken-curry (1026).jpg,chicken-curry
chicken-curry (485).jpg,chicken-curry
chicken-curry (34).jpg,chicken-curry
chicken-curry (542).jpg,chicken-curry
chicken-curry (905).jpg,chicken-curry
chicken-curry (742).jpg,chicken-curry
chicken-curry (526).jpg,chicken-curry
chicken-curry (479).jpg,chicken-curry
chicken-curry (162).jpg,chicken-curry
chicken-curry (535).jpg,chicken-curry
chicken-curry (960).jpg,chicken-curry
chicken-curry (476).jpg,chicken-curry
chicken-curry (500).jpg,chicken-curry
chicken-curry (120).jpg,chicken-curry
chicken-curry (994).jpg,chicken-curry
chicken-curry (843).jpg,chicken-curry
chicken-curry (450).jpg,chicken-curry
chicken-curry (850).jpg,chicken-curry
chicken-curry (11).jpg,chicken-curry
chicken-curry (833).jpg,chicken-curry
chicken-curry (667).jpg,chicken-curry
chicken-curry (1012).jpg,chicken-curry
chicken-curry (986).jpg,chicken-curry
chicken-curry (281).jpg,chicken-curry
chicken-curry (392).jpg,chicken-curry
chicken-curry (846).jpg,chicken-curry
chicken-curry (713).jpg,chicken-curry
chicken-curry (1021).jpg,chicken-curry
chicken-curry (163).jpg,chicken-curry
chicken-curry (222).jpg,chicken-curry
chicken-curry (727).jpg,chicken-curry
chicken-curry (65).jpg,chicken-curry
chicken-curry (182).jpg,chicken-curry
chicken-curry (910).jpg,chicken-curry
chicken-curry (317).jpg,chicken-curry
chicken-curry (893).jpg,chicken-curry
chicken-curry (199).jpg,chicken-curry
chicken-curry (827).jpg,chicken-curry
chicken-curry (277).jpg,chicken-curry
chicken-curry (261).jpg,chicken-curry
chicken-curry (602).jpg,chicken-curry
chicken-curry (253).jpg,chicken-curry
chicken-curry (573).jpg,chicken-curry
chicken-curry (816).jpg,chicken-curry
chicken-curry (251).jpg,chicken-curry
chicken-curry (583).jpg,chicken-curry
chicken-curry (178).jpg,chicken-curry
chicken-curry (913).jpg,chicken-curry
chicken-curry (37).jpg,chicken-curry
chicken-curry (108).jpg,chicken-curry
chicken-curry (1017).jpg,chicken-curry
chicken-curry (612).jpg,chicken-curry
chicken-curry (258).jpg,chicken-curry
chicken-curry (146).jpg,chicken-curry
chicken-curry (683).jpg,chicken-curry
chicken-curry (175).jpg,chicken-curry
chicken-curry (729).jpg,chicken-curry
chicken-curry (901).jpg,chicken-curry
chicken-curry (925).jpg,chicken-curry
chicken-curry (118).jpg,chicken-curry
chicken-curry (748).jpg,chicken-curry
chicken-curry (564).jpg,chicken-curry
chicken-curry (400).jpg,chicken-curry
chicken-curry (645).jpg,chicken-curry
chicken-curry (998).jpg,chicken-curry
chicken-curry (28).jpg,chicken-curry
chicken-curry (472).jpg,chicken-curry
chicken-curry (803).jpg,chicken-curry
chicken-curry (262).jpg,chicken-curry
chicken-curry (679).jpg,chicken-curry
chicken-curry (1028).jpg,chicken-curry
chicken-curry (32).jpg,chicken-curry
chicken-curry (933).jpg,chicken-curry
chicken-curry (63).jpg,chicken-curry
chicken-curry (886).jpg,chicken-curry
chicken-curry (153).jpg,chicken-curry
chicken-curry (899).jpg,chicken-curry
chicken-curry (837).jpg,chicken-curry
chicken-curry (761).jpg,chicken-curry
chicken-curry (449).jpg,chicken-curry
chicken-curry (560).jpg,chicken-curry
chicken-curry (403).jpg,chicken-curry
chicken-curry (480).jpg,chicken-curry
chicken-curry (42).jpg,chicken-curry
chicken-curry (187).jpg,chicken-curry
chicken-curry (558).jpg,chicken-curry
chicken-curry (992).jpg,chicken-curry
chicken-curry (721).jpg,chicken-curry
chicken-curry (975).jpg,chicken-curry
chicken-curry (516).jpg,chicken-curry
chicken-curry (342).jpg,chicken-curry
chicken-curry (1032).jpg,chicken-curry
chicken-curry (104).jpg,chicken-curry
chicken-curry (191).jpg,chicken-curry
chicken-curry (17).jpg,chicken-curry
chicken-curry (439).jpg,chicken-curry
chicken-curry (660).jpg,chicken-curry
chicken-curry (755).jpg,chicken-curry
chicken-curry (490).jpg,chicken-curry
chicken-curry (648).jpg,chicken-curry
chicken-curry (12).jpg,chicken-curry
chicken-curry (926).jpg,chicken-curry
chicken-curry (266).jpg,chicken-curry
chicken-curry (89).jpg,chicken-curry
chicken-curry (364).jpg,chicken-curry
chicken-curry (58).jpg,chicken-curry
chicken-curry (781).jpg,chicken-curry
chicken-curry (1020).jpg,chicken-curry
chicken-curry (497).jpg,chicken-curry
chicken-curry (868).jpg,chicken-curry
chicken-curry (161).jpg,chicken-curry
chicken-curry (404).jpg,chicken-curry
chicken-curry (774).jpg,chicken-curry
chicken-curry (75).jpg,chicken-curry
chicken-curry (600).jpg,chicken-curry
chicken-curry (303).jpg,chicken-curry
chicken-curry (401).jpg,chicken-curry
chicken-curry (98).jpg,chicken-curry
chicken-curry (176).jpg,chicken-curry
chicken-curry (557).jpg,chicken-curry
chicken-curry (305).jpg,chicken-curry
chicken-curry (935).jpg,chicken-curry
chicken-curry (426).jpg,chicken-curry
chicken-curry (885).jpg,chicken-curry
chicken-curry (871).jpg,chicken-curry
chicken-curry (576).jpg,chicken-curry
chicken-curry (428).jpg,chicken-curry
chicken-curry (826).jpg,chicken-curry
chicken-curry (686).jpg,chicken-curry
chicken-curry (270).jpg,chicken-curry
chicken-curry (192).jpg,chicken-curry
chicken-curry (131).jpg,chicken-curry
chicken-curry (494).jpg,chicken-curry
chicken-curry (168).jpg,chicken-curry
chicken-curry (832).jpg,chicken-curry
chicken-curry (711).jpg,chicken-curry
chicken-curry (506).jpg,chicken-curry
chicken-curry (3).jpg,chicken-curry
chicken-curry (213).jpg,chicken-curry
chicken-curry (918).jpg,chicken-curry
chicken-curry (524).jpg,chicken-curry
chicken-curry (90).jpg,chicken-curry
chicken-curry (4).jpg,chicken-curry
chicken-curry (56).jpg,chicken-curry
chicken-curry (184).jpg,chicken-curry
chicken-curry (247).jpg,chicken-curry
chicken-curry (785).jpg,chicken-curry
chicken-curry (95).jpg,chicken-curry
chicken-curry (363).jpg,chicken-curry
chicken-curry (744).jpg,chicken-curry
chicken-curry (971).jpg,chicken-curry
chicken-curry (950).jpg,chicken-curry
chicken-curry (399).jpg,chicken-curry
chicken-curry (888).jpg,chicken-curry
chicken-curry (1029).jpg,chicken-curry
chicken-curry (469).jpg,chicken-curry
hamburger (261).jpg,hamburger
hamburger (140).jpg,hamburger
hamburger (400).jpg,hamburger
hamburger (837).jpg,hamburger
hamburger (568).jpg,hamburger
hamburger (152).jpg,hamburger
hamburger (761).jpg,hamburger
hamburger (607).jpg,hamburger
hamburger (602).jpg,hamburger
hamburger (815).jpg,hamburger
hamburger (24).jpg,hamburger
hamburger (915).jpg,hamburger
hamburger (146).jpg,hamburger
hamburger (937).jpg,hamburger
hamburger (917).jpg,hamburger
hamburger (281).jpg,hamburger
hamburger (296).jpg,hamburger
hamburger (204).jpg,hamburger
hamburger (462).jpg,hamburger
hamburger (704).jpg,hamburger
hamburger (491).jpg,hamburger
hamburger (758).jpg,hamburger
hamburger (684).jpg,hamburger
hamburger (905).jpg,hamburger
hamburger (720).jpg,hamburger
hamburger (208).jpg,hamburger
hamburger (872).jpg,hamburger
hamburger (856).jpg,hamburger
hamburger (813).jpg,hamburger
hamburger (795).jpg,hamburger
hamburger (804).jpg,hamburger
hamburger (183).jpg,hamburger
hamburger (487).jpg,hamburger
hamburger (265).jpg,hamburger
hamburger (279).jpg,hamburger
hamburger (641).jpg,hamburger
hamburger (439).jpg,hamburger
hamburger (869).jpg,hamburger
hamburger (505).jpg,hamburger
hamburger (797).jpg,hamburger
hamburger (980).jpg,hamburger
hamburger (399).jpg,hamburger
hamburger (546).jpg,hamburger
hamburger (738).jpg,hamburger
hamburger (45).jpg,hamburger
hamburger (79).jpg,hamburger
hamburger (926).jpg,hamburger
hamburger (1003).jpg,hamburger
hamburger (509).jpg,hamburger
hamburger (1017).jpg,hamburger
hamburger (578).jpg,hamburger
hamburger (318).jpg,hamburger
hamburger (362).jpg,hamburger
hamburger (458).jpg,hamburger
hamburger (814).jpg,hamburger
hamburger (961).jpg,hamburger
hamburger (544).jpg,hamburger
hamburger (1034).jpg,hamburger
hamburger (467).jpg,hamburger
hamburger (160).jpg,hamburger
hamburger (907).jpg,hamburger
hamburger (156).jpg,hamburger
hamburger (287).jpg,hamburger
hamburger (313).jpg,hamburger
hamburger (541).jpg,hamburger
hamburger (441).jpg,hamburger
hamburger (848).jpg,hamburger
hamburger (911).jpg,hamburger
hamburger (407).jpg,hamburger
hamburger (300).jpg,hamburger
hamburger (928).jpg,hamburger
hamburger (324).jpg,hamburger
hamburger (858).jpg,hamburger
hamburger (251).jpg,hamburger
hamburger (230).jpg,hamburger
hamburger (39).jpg,hamburger
hamburger (1039).jpg,hamburger
hamburger (475).jpg,hamburger
hamburger (636).jpg,hamburger
hamburger (695).jpg,hamburger
hamburger (392).jpg,hamburger
hamburger (355).jpg,hamburger
hamburger (707).jpg,hamburger
hamburger (669).jpg,hamburger
hamburger (839).jpg,hamburger
hamburger (263).jpg,hamburger
hamburger (383).jpg,hamburger
hamburger (348).jpg,hamburger
hamburger (954).jpg,hamburger
hamburger (30).jpg,hamburger
hamburger (600).jpg,hamburger
hamburger (788).jpg,hamburger
hamburger (859).jpg,hamburger
hamburger (968).jpg,hamburger
hamburger (709).jpg,hamburger
hamburger (764).jpg,hamburger
hamburger (779).jpg,hamburger
hamburger (405).jpg,hamburger
hamburger (909).jpg,hamburger
hamburger (854).jpg,hamburger
hamburger (125).jpg,hamburger
hamburger (619).jpg,hamburger
hamburger (82).jpg,hamburger
hamburger (100).jpg,hamburger
hamburger (206).jpg,hamburger
hamburger (302).jpg,hamburger
hamburger (227).jpg,hamburger
hamburger (786).jpg,hamburger
hamburger (240).jpg,hamburger
hamburger (297).jpg,hamburger
hamburger (333).jpg,hamburger
hamburger (494).jpg,hamburger
hamburger (70).jpg,hamburger
hamburger (666).jpg,hamburger
hamburger (12).jpg,hamburger
hamburger (798).jpg,hamburger
hamburger (971).jpg,hamburger
hamburger (994).jpg,hamburger
hamburger (427).jpg,hamburger
hamburger (934).jpg,hamburger
hamburger (576).jpg,hamburger
hamburger (430).jpg,hamburger
hamburger (159).jpg,hamburger
hamburger (49).jpg,hamburger
hamburger (649).jpg,hamburger
hamburger (1).jpg,hamburger
hamburger (365).jpg,hamburger
hamburger (1009).jpg,hamburger
hamburger (611).jpg,hamburger
hamburger (685).jpg,hamburger
hamburger (1011).jpg,hamburger
hamburger (510).jpg,hamburger
hamburger (890).jpg,hamburger
hamburger (633).jpg,hamburger
hamburger (972).jpg,hamburger
hamburger (143).jpg,hamburger
hamburger (567).jpg,hamburger
hamburger (759).jpg,hamburger
hamburger (584).jpg,hamburger
hamburger (320).jpg,hamburger
hamburger (838).jpg,hamburger
hamburger (14).jpg,hamburger
hamburger (94).jpg,hamburger
hamburger (967).jpg,hamburger
hamburger (289).jpg,hamburger
hamburger (857).jpg,hamburger
hamburger (960).jpg,hamburger
hamburger (952).jpg,hamburger
hamburger (267).jpg,hamburger
hamburger (107).jpg,hamburger
hamburger (646).jpg,hamburger
hamburger (680).jpg,hamburger
hamburger (335).jpg,hamburger
hamburger (451).jpg,hamburger
hamburger (569).jpg,hamburger
hamburger (226).jpg,hamburger
hamburger (218).jpg,hamburger
hamburger (1001).jpg,hamburger
hamburger (374).jpg,hamburger
hamburger (817).jpg,hamburger
hamburger (730).jpg,hamburger
hamburger (485).jpg,hamburger
hamburger (879).jpg,hamburger
hamburger (767).jpg,hamburger
hamburger (262).jpg,hamburger
hamburger (538).jpg,hamburger
hamburger (643).jpg,hamburger
hamburger (453).jpg,hamburger
hamburger (1020).jpg,hamburger
hamburger (438).jpg,hamburger
hamburger (7).jpg,hamburger
hamburger (822).jpg,hamburger
hamburger (456).jpg,hamburger
hamburger (877).jpg,hamburger
hamburger (776).jpg,hamburger
hamburger (35).jpg,hamburger
hamburger (647).jpg,hamburger
hamburger (957).jpg,hamburger
hamburger (316).jpg,hamburger
hamburger (15).jpg,hamburger
hamburger (127).jpg,hamburger
hamburger (136).jpg,hamburger
hamburger (99).jpg,hamburger
hamburger (836).jpg,hamburger
hamburger (153).jpg,hamburger
hamburger (322).jpg,hamburger
hamburger (529).jpg,hamburger
hamburger (511).jpg,hamburger
hamburger (624).jpg,hamburger
hamburger (784).jpg,hamburger
hamburger (242).jpg,hamburger
hamburger (359).jpg,hamburger
hamburger (422).jpg,hamburger
hamburger (232).jpg,hamburger
hamburger (606).jpg,hamburger
hamburger (526).jpg,hamburger
hamburger (610).jpg,hamburger
hamburger (131).jpg,hamburger
hamburger (139).jpg,hamburger
hamburger (549).jpg,hamburger
hamburger (172).jpg,hamburger
hamburger (111).jpg,hamburger
hamburger (742).jpg,hamburger
hamburger (516).jpg,hamburger
hamburger (690).jpg,hamburger
hamburger (198).jpg,hamburger
hamburger (675).jpg,hamburger
hamburger (927).jpg,hamburger
hamburger (736).jpg,hamburger
hamburger (1014).jpg,hamburger
hamburger (1007).jpg,hamburger
hamburger (888).jpg,hamburger
hamburger (993).jpg,hamburger
hamburger (735).jpg,hamburger
hamburger (705).jpg,hamburger
hamburger (352).jpg,hamburger
hamburger (101).jpg,hamburger
hamburger (963).jpg,hamburger
hamburger (97).jpg,hamburger
hamburger (571).jpg,hamburger
hamburger (394).jpg,hamburger
hamburger (489).jpg,hamburger
hamburger (898).jpg,hamburger
hamburger (763).jpg,hamburger
hamburger (166).jpg,hamburger
hamburger (1016).jpg,hamburger
hamburger (470).jpg,hamburger
hamburger (81).jpg,hamburger
hamburger (939).jpg,hamburger
hamburger (787).jpg,hamburger
hamburger (118).jpg,hamburger
hamburger (973).jpg,hamburger
hamburger (947).jpg,hamburger
hamburger (184).jpg,hamburger
hamburger (86).jpg,hamburger
hamburger (158).jpg,hamburger
hamburger (920).jpg,hamburger
hamburger (995).jpg,hamburger
hamburger (1010).jpg,hamburger
hamburger (499).jpg,hamburger
hamburger (169).jpg,hamburger
hamburger (56).jpg,hamburger
hamburger (1030).jpg,hamburger
hamburger (225).jpg,hamburger
hamburger (560).jpg,hamburger
hamburger (746).jpg,hamburger
hamburger (855).jpg,hamburger
hamburger (52).jpg,hamburger
hamburger (756).jpg,hamburger
hamburger (733).jpg,hamburger
hamburger (693).jpg,hamburger
hamburger (850).jpg,hamburger
hamburger (1040).jpg,hamburger
hamburger (331).jpg,hamburger
hamburger (91).jpg,hamburger
hamburger (402).jpg,hamburger
hamburger (95).jpg,hamburger
hamburger (254).jpg,hamburger
hamburger (349).jpg,hamburger
hamburger (599).jpg,hamburger
hamburger (371).jpg,hamburger
hamburger (385).jpg,hamburger
hamburger (731).jpg,hamburger
hamburger (48).jpg,hamburger
hamburger (593).jpg,hamburger
hamburger (408).jpg,hamburger
hamburger (543).jpg,hamburger
hamburger (20).jpg,hamburger
hamburger (252).jpg,hamburger
hamburger (760).jpg,hamburger
hamburger (914).jpg,hamburger
hamburger (128).jpg,hamburger
hamburger (819).jpg,hamburger
hamburger (673).jpg,hamburger
hamburger (21).jpg,hamburger
hamburger (719).jpg,hamburger
hamburger (317).jpg,hamburger
hamburger (196).jpg,hamburger
hamburger (945).jpg,hamburger
hamburger (51).jpg,hamburger
hamburger (390).jpg,hamburger
hamburger (948).jpg,hamburger
hamburger (353).jpg,hamburger
hamburger (17).jpg,hamburger
hamburger (264).jpg,hamburger
hamburger (482).jpg,hamburger
hamburger (1018).jpg,hamburger
hamburger (734).jpg,hamburger
hamburger (102).jpg,hamburger
hamburger (391).jpg,hamburger
hamburger (635).jpg,hamburger
hamburger (552).jpg,hamburger
hamburger (1029).jpg,hamburger
hamburger (683).jpg,hamburger
hamburger (173).jpg,hamburger
hamburger (696).jpg,hamburger
hamburger (255).jpg,hamburger
hamburger (366).jpg,hamburger
hamburger (464).jpg,hamburger
hamburger (149).jpg,hamburger
hamburger (601).jpg,hamburger
hamburger (133).jpg,hamburger
hamburger (778).jpg,hamburger
hamburger (274).jpg,hamburger
hamburger (42).jpg,hamburger
hamburger (168).jpg,hamburger
hamburger (886).jpg,hamburger
hamburger (307).jpg,hamburger
hamburger (258).jpg,hamburger
hamburger (579).jpg,hamburger
hamburger (532).jpg,hamburger
hamburger (715).jpg,hamburger
hamburger (827).jpg,hamburger
hamburger (377).jpg,hamburger
hamburger (165).jpg,hamburger
hamburger (120).jpg,hamburger
hamburger (420).jpg,hamburger
hamburger (803).jpg,hamburger
hamburger (423).jpg,hamburger
hamburger (533).jpg,hamburger
hamburger (605).jpg,hamburger
hamburger (867).jpg,hamburger
hamburger (434).jpg,hamburger
hamburger (310).jpg,hamburger
hamburger (727).jpg,hamburger
hamburger (235).jpg,hamburger
hamburger (236).jpg,hamburger
hamburger (863).jpg,hamburger
hamburger (628).jpg,hamburger
hamburger (844).jpg,hamburger
hamburger (992).jpg,hamburger
hamburger (810).jpg,hamburger
hamburger (8).jpg,hamburger
hamburger (124).jpg,hamburger
hamburger (711).jpg,hamburger
hamburger (250).jpg,hamburger
hamburger (942).jpg,hamburger
hamburger (1012).jpg,hamburger
hamburger (670).jpg,hamburger
hamburger (935).jpg,hamburger
hamburger (1025).jpg,hamburger
hamburger (558).jpg,hamburger
hamburger (615).jpg,hamburger
hamburger (887).jpg,hamburger
hamburger (257).jpg,hamburger
hamburger (712).jpg,hamburger
hamburger (71).jpg,hamburger
hamburger (604).jpg,hamburger
hamburger (421).jpg,hamburger
hamburger (10).jpg,hamburger
hamburger (18).jpg,hamburger
hamburger (244).jpg,hamburger
hamburger (1008).jpg,hamburger
hamburger (449).jpg,hamburger
hamburger (642).jpg,hamburger
hamburger (275).jpg,hamburger
hamburger (676).jpg,hamburger
hamburger (782).jpg,hamburger
hamburger (68).jpg,hamburger
hamburger (623).jpg,hamburger
hamburger (679).jpg,hamburger
hamburger (875).jpg,hamburger
hamburger (846).jpg,hamburger
hamburger (938).jpg,hamburger
hamburger (1023).jpg,hamburger
hamburger (414).jpg,hamburger
hamburger (298).jpg,hamburger
hamburger (66).jpg,hamburger
hamburger (762).jpg,hamburger
hamburger (460).jpg,hamburger
hamburger (966).jpg,hamburger
hamburger (976).jpg,hamburger
hamburger (903).jpg,hamburger
hamburger (115).jpg,hamburger
hamburger (266).jpg,hamburger
hamburger (9).jpg,hamburger
hamburger (88).jpg,hamburger
hamburger (138).jpg,hamburger
hamburger (951).jpg,hamburger
hamburger (309).jpg,hamburger
hamburger (983).jpg,hamburger
hamburger (155).jpg,hamburger
hamburger (506).jpg,hamburger
hamburger (575).jpg,hamburger
hamburger (452).jpg,hamburger
hamburger (828).jpg,hamburger
hamburger (702).jpg,hamburger
hamburger (659).jpg,hamburger
hamburger (229).jpg,hamburger
hamburger (444).jpg,hamburger
hamburger (589).jpg,hamburger
hamburger (465).jpg,hamburger
hamburger (304).jpg,hamburger
hamburger (660).jpg,hamburger
hamburger (583).jpg,hamburger
hamburger (41).jpg,hamburger
hamburger (75).jpg,hamburger
hamburger (176).jpg,hamburger
hamburger (413).jpg,hamburger
hamburger (555).jpg,hamburger
hamburger (369).jpg,hamburger
hamburger (31).jpg,hamburger
hamburger (488).jpg,hamburger
hamburger (932).jpg,hamburger
hamburger (946).jpg,hamburger
hamburger (964).jpg,hamburger
hamburger (6).jpg,hamburger
hamburger (234).jpg,hamburger
hamburger (799).jpg,hamburger
hamburger (789).jpg,hamburger
hamburger (893).jpg,hamburger
hamburger (918).jpg,hamburger
hamburger (92).jpg,hamburger
hamburger (686).jpg,hamburger
hamburger (613).jpg,hamburger
hamburger (164).jpg,hamburger
hamburger (345).jpg,hamburger
hamburger (231).jpg,hamburger
hamburger (894).jpg,hamburger
hamburger (765).jpg,hamburger
hamburger (450).jpg,hamburger
hamburger (677).jpg,hamburger
hamburger (205).jpg,hamburger
hamburger (417).jpg,hamburger
hamburger (387).jpg,hamburger
hamburger (294).jpg,hamburger
hamburger (379).jpg,hamburger
hamburger (481).jpg,hamburger
hamburger (975).jpg,hamburger
hamburger (790).jpg,hamburger
hamburger (55).jpg,hamburger
hamburger (534).jpg,hamburger
hamburger (930).jpg,hamburger
hamburger (774).jpg,hamburger
hamburger (953).jpg,hamburger
hamburger (564).jpg,hamburger
hamburger (981).jpg,hamburger
hamburger (363).jpg,hamburger
hamburger (754).jpg,hamburger
hamburger (542).jpg,hamburger
hamburger (326).jpg,hamburger
hamburger (865).jpg,hamburger
hamburger (330).jpg,hamburger
hamburger (200).jpg,hamburger
hamburger (812).jpg,hamburger
hamburger (185).jpg,hamburger
hamburger (999).jpg,hamburger
hamburger (268).jpg,hamburger
hamburger (901).jpg,hamburger
hamburger (587).jpg,hamburger
hamburger (741).jpg,hamburger
hamburger (1000).jpg,hamburger
hamburger (816).jpg,hamburger
hamburger (811).jpg,hamburger
hamburger (282).jpg,hamburger
hamburger (126).jpg,hamburger
hamburger (147).jpg,hamburger
hamburger (105).jpg,hamburger
hamburger (370).jpg,hamburger
hamburger (861).jpg,hamburger
hamburger (1038).jpg,hamburger
hamburger (212).jpg,hamburger
hamburger (3).jpg,hamburger
hamburger (259).jpg,hamburger
hamburger (597).jpg,hamburger
hamburger (249).jpg,hamburger
hamburger (476).jpg,hamburger
hamburger (880).jpg,hamburger
hamburger (457).jpg,hamburger
hamburger (343).jpg,hamburger
hamburger (884).jpg,hamburger
hamburger (561).jpg,hamburger
hamburger (410).jpg,hamburger
hamburger (785).jpg,hamburger
hamburger (713).jpg,hamburger
hamburger (664).jpg,hamburger
hamburger (801).jpg,hamburger
hamburger (860).jpg,hamburger
hamburger (634).jpg,hamburger
hamburger (1004).jpg,hamburger
hamburger (796).jpg,hamburger
hamburger (393).jpg,hamburger
hamburger (672).jpg,hamburger
hamburger (360).jpg,hamburger
hamburger (273).jpg,hamburger
hamburger (667).jpg,hamburger
hamburger (825).jpg,hamburger
hamburger (986).jpg,hamburger
hamburger (113).jpg,hamburger
hamburger (435).jpg,hamburger
hamburger (150).jpg,hamburger
hamburger (188).jpg,hamburger
hamburger (278).jpg,hamburger
hamburger (295).jpg,hamburger
hamburger (454).jpg,hamburger
hamburger (933).jpg,hamburger
hamburger (495).jpg,hamburger
hamburger (885).jpg,hamburger
hamburger (586).jpg,hamburger
hamburger (900).jpg,hamburger
hamburger (697).jpg,hamburger
hamburger (536).jpg,hamburger
hamburger (271).jpg,hamburger
hamburger (193).jpg,hamburger
hamburger (216).jpg,hamburger
hamburger (515).jpg,hamburger
hamburger (751).jpg,hamburger
hamburger (110).jpg,hamburger
hamburger (34).jpg,hamburger
hamburger (806).jpg,hamburger
hamburger (78).jpg,hamburger
hamburger (1006).jpg,hamburger
hamburger (768).jpg,hamburger
hamburger (919).jpg,hamburger
hamburger (906).jpg,hamburger
hamburger (519).jpg,hamburger
hamburger (428).jpg,hamburger
hamburger (1031).jpg,hamburger
hamburger (224).jpg,hamburger
hamburger (447).jpg,hamburger
hamburger (223).jpg,hamburger
hamburger (1032).jpg,hamburger
hamburger (276).jpg,hamburger
hamburger (144).jpg,hamburger
hamburger (116).jpg,hamburger
hamburger (757).jpg,hamburger
hamburger (977).jpg,hamburger
hamburger (614).jpg,hamburger
hamburger (892).jpg,hamburger
hamburger (501).jpg,hamburger
hamburger (500).jpg,hamburger
hamburger (437).jpg,hamburger
hamburger (755).jpg,hamburger
hamburger (1002).jpg,hamburger
hamburger (556).jpg,hamburger
hamburger (548).jpg,hamburger
hamburger (498).jpg,hamburger
hamburger (367).jpg,hamburger
hamburger (443).jpg,hamburger
hamburger (154).jpg,hamburger
hamburger (11).jpg,hamburger
hamburger (277).jpg,hamburger
hamburger (270).jpg,hamburger
hamburger (551).jpg,hamburger
hamburger (703).jpg,hamburger
hamburger (616).jpg,hamburger
hamburger (283).jpg,hamburger
hamburger (162).jpg,hamburger
hamburger (658).jpg,hamburger
hamburger (312).jpg,hamburger
hamburger (311).jpg,hamburger
hamburger (559).jpg,hamburger
hamburger (248).jpg,hamburger
hamburger (897).jpg,hamburger
hamburger (881).jpg,hamburger
hamburger (299).jpg,hamburger
hamburger (47).jpg,hamburger
hamburger (808).jpg,hamburger
hamburger (805).jpg,hamburger
hamburger (574).jpg,hamburger
hamburger (962).jpg,hamburger
hamburger (728).jpg,hamburger
hamburger (197).jpg,hamburger
hamburger (743).jpg,hamburger
hamburger (426).jpg,hamburger
hamburger (411).jpg,hamburger
hamburger (563).jpg,hamburger
hamburger (862).jpg,hamburger
hamburger (327).jpg,hamburger
hamburger (314).jpg,hamburger
hamburger (384).jpg,hamburger
hamburger (823).jpg,hamburger
hamburger (833).jpg,hamburger
hamburger (512).jpg,hamburger
hamburger (749).jpg,hamburger
hamburger (950).jpg,hamburger
hamburger (76).jpg,hamburger
hamburger (883).jpg,hamburger
hamburger (337).jpg,hamburger
hamburger (668).jpg,hamburger
hamburger (910).jpg,hamburger
hamburger (29).jpg,hamburger
hamburger (239).jpg,hamburger
hamburger (752).jpg,hamburger
hamburger (692).jpg,hamburger
hamburger (389).jpg,hamburger
hamburger (998).jpg,hamburger
hamburger (378).jpg,hamburger
hamburger (64).jpg,hamburger
hamburger (486).jpg,hamburger
hamburger (221).jpg,hamburger
hamburger (61).jpg,hamburger
hamburger (409).jpg,hamburger
hamburger (840).jpg,hamburger
hamburger (502).jpg,hamburger
hamburger (361).jpg,hamburger
hamburger (58).jpg,hamburger
hamburger (253).jpg,hamburger
hamburger (655).jpg,hamburger
hamburger (19).jpg,hamburger
hamburger (119).jpg,hamburger
hamburger (497).jpg,hamburger
hamburger (524).jpg,hamburger
hamburger (84).jpg,hamburger
hamburger (750).jpg,hamburger
hamburger (442).jpg,hamburger
hamburger (201).jpg,hamburger
hamburger (842).jpg,hamburger
hamburger (912).jpg,hamburger
hamburger (469).jpg,hamburger
hamburger (1015).jpg,hamburger
hamburger (238).jpg,hamburger
hamburger (632).jpg,hamburger
hamburger (853).jpg,hamburger
hamburger (1027).jpg,hamburger
hamburger (286).jpg,hamburger
hamburger (199).jpg,hamburger
hamburger (412).jpg,hamburger
hamburger (545).jpg,hamburger
hamburger (219).jpg,hamburger
hamburger (504).jpg,hamburger
hamburger (645).jpg,hamburger
hamburger (687).jpg,hamburger
hamburger (272).jpg,hamburger
hamburger (721).jpg,hamburger
hamburger (596).jpg,hamburger
hamburger (90).jpg,hamburger
hamburger (656).jpg,hamburger
hamburger (700).jpg,hamburger
hamburger (1022).jpg,hamburger
hamburger (714).jpg,hamburger
hamburger (706).jpg,hamburger
hamburger (772).jpg,hamburger
hamburger (163).jpg,hamburger
hamburger (368).jpg,hamburger
hamburger (852).jpg,hamburger
hamburger (1013).jpg,hamburger
hamburger (50).jpg,hamburger
hamburger (644).jpg,hamburger
hamburger (581).jpg,hamburger
hamburger (513).jpg,hamburger
hamburger (553).jpg,hamburger
hamburger (663).jpg,hamburger
hamburger (53).jpg,hamburger
hamburger (372).jpg,hamburger
hamburger (609).jpg,hamburger
hamburger (338).jpg,hamburger
hamburger (630).jpg,hamburger
hamburger (899).jpg,hamburger
hamburger (211).jpg,hamburger
hamburger (737).jpg,hamburger
hamburger (627).jpg,hamburger
hamburger (722).jpg,hamburger
hamburger (191).jpg,hamburger
hamburger (717).jpg,hamburger
hamburger (620).jpg,hamburger
hamburger (2).jpg,hamburger
hamburger (483).jpg,hamburger
hamburger (807).jpg,hamburger
hamburger (5).jpg,hamburger
hamburger (37).jpg,hamburger
hamburger (916).jpg,hamburger
hamburger (1033).jpg,hamburger
hamburger (923).jpg,hamburger
hamburger (1035).jpg,hamburger
hamburger (523).jpg,hamburger
hamburger (432).jpg,hamburger
hamburger (531).jpg,hamburger
hamburger (982).jpg,hamburger
hamburger (245).jpg,hamburger
hamburger (748).jpg,hamburger
hamburger (829).jpg,hamburger
hamburger (577).jpg,hamburger
hamburger (375).jpg,hamburger
hamburger (990).jpg,hamburger
hamburger (425).jpg,hamburger
hamburger (73).jpg,hamburger
hamburger (826).jpg,hamburger
hamburger (171).jpg,hamburger
hamburger (625).jpg,hamburger
hamburger (637).jpg,hamburger
hamburger (32).jpg,hamburger
hamburger (876).jpg,hamburger
hamburger (478).jpg,hamburger
hamburger (527).jpg,hamburger
hamburger (418).jpg,hamburger
hamburger (831).jpg,hamburger
hamburger (328).jpg,hamburger
hamburger (572).jpg,hamburger
hamburger (397).jpg,hamburger
hamburger (241).jpg,hamburger
hamburger (744).jpg,hamburger
hamburger (588).jpg,hamburger
hamburger (109).jpg,hamburger
hamburger (431).jpg,hamburger
hamburger (931).jpg,hamburger
hamburger (882).jpg,hamburger
hamburger (433).jpg,hamburger
hamburger (4).jpg,hamburger
hamburger (305).jpg,hamburger
hamburger (186).jpg,hamburger
hamburger (46).jpg,hamburger
hamburger (161).jpg,hamburger
hamburger (1005).jpg,hamburger
hamburger (557).jpg,hamburger
hamburger (895).jpg,hamburger
hamburger (496).jpg,hamburger
hamburger (682).jpg,hamburger
hamburger (665).jpg,hamburger
hamburger (612).jpg,hamburger
hamburger (518).jpg,hamburger
hamburger (321).jpg,hamburger
hamburger (729).jpg,hamburger
hamburger (106).jpg,hamburger
hamburger (959).jpg,hamburger
hamburger (60).jpg,hamburger
hamburger (260).jpg,hamburger
hamburger (284).jpg,hamburger
hamburger (484).jpg,hamburger
hamburger (528).jpg,hamburger
hamburger (424).jpg,hamburger
hamburger (145).jpg,hamburger
hamburger (1019).jpg,hamburger
hamburger (769).jpg,hamburger
hamburger (346).jpg,hamburger
hamburger (870).jpg,hamburger
hamburger (851).jpg,hamburger
hamburger (988).jpg,hamburger
